-- MySQL Administrator dump 1.4
--
-- ------------------------------------------------------
-- Server version	5.6.24-log


/*!40101 SET @OLD_CHARACTER_SET_CLIENT=@@CHARACTER_SET_CLIENT */;
/*!40101 SET @OLD_CHARACTER_SET_RESULTS=@@CHARACTER_SET_RESULTS */;
/*!40101 SET @OLD_COLLATION_CONNECTION=@@COLLATION_CONNECTION */;
/*!40101 SET NAMES utf8 */;

/*!40014 SET @OLD_UNIQUE_CHECKS=@@UNIQUE_CHECKS, UNIQUE_CHECKS=0 */;
/*!40014 SET @OLD_FOREIGN_KEY_CHECKS=@@FOREIGN_KEY_CHECKS, FOREIGN_KEY_CHECKS=0 */;
/*!40101 SET @OLD_SQL_MODE=@@SQL_MODE, SQL_MODE='NO_AUTO_VALUE_ON_ZERO' */;


--
-- Create schema achilles
--

CREATE DATABASE IF NOT EXISTS achilles;
USE achilles;

--
-- Definition of table `admin`
--

DROP TABLE IF EXISTS `admin`;
CREATE TABLE `admin` (
  `id` varchar(64) NOT NULL,
  `password` varchar(64) NOT NULL,
  `name` varchar(64) DEFAULT NULL,
  PRIMARY KEY (`id`)
) ENGINE=InnoDB DEFAULT CHARSET=utf8;

--
-- Dumping data for table `admin`
--

/*!40000 ALTER TABLE `admin` DISABLE KEYS */;
INSERT INTO `admin` (`id`,`password`,`name`) VALUES 
 ('admin','admin','admin');
/*!40000 ALTER TABLE `admin` ENABLE KEYS */;


--
-- Definition of table `config`
--

DROP TABLE IF EXISTS `config`;
CREATE TABLE `config` (
  `id` int(11) NOT NULL AUTO_INCREMENT,
  `name` varchar(64) DEFAULT NULL,
  `sval` varchar(64) DEFAULT NULL,
  `ival` int(11) DEFAULT NULL,
  PRIMARY KEY (`id`)
) ENGINE=InnoDB AUTO_INCREMENT=13 DEFAULT CHARSET=utf8;

--
-- Dumping data for table `config`
--

/*!40000 ALTER TABLE `config` DISABLE KEYS */;
INSERT INTO `config` (`id`,`name`,`sval`,`ival`) VALUES 
 (1,'FirstPlayerAcceptChallengeCount',NULL,2),
 (2,'InitRoundId',NULL,1),
 (3,'InitScoreDiminishingStep',NULL,1),
 (4,'MaxChallengeCount',NULL,2),
 (5,'MaxDateRange',NULL,6),
 (6,'MaxInitTopOneScore',NULL,1050),
 (7,'MaxPercentOfChallengerWin',NULL,60),
 (8,'MaxPlayersCount',NULL,50),
 (9,'MinAcceptChallengeCount',NULL,1),
 (10,'PercentOfChallengerWinDiminishingStep',NULL,5),
 (11,'RateOfChosenMondyToThursday',NULL,30),
 (12,'RateOfChosenSaturdayToSunday',NULL,80);
/*!40000 ALTER TABLE `config` ENABLE KEYS */;


--
-- Definition of table `match_info`
--

DROP TABLE IF EXISTS `match_info`;
CREATE TABLE `match_info` (
  `id` int(11) NOT NULL AUTO_INCREMENT,
  `match_period_id` int(11) DEFAULT NULL,
  `day_id` int(11) DEFAULT NULL,
  `challenger_id` int(11) DEFAULT NULL,
  `challenger_vranking` int(11) DEFAULT NULL,
  `adversary_id` int(11) DEFAULT NULL,
  `adversary_vranking` int(11) DEFAULT NULL,
  `score` varchar(8) DEFAULT NULL,
  `result` int(11) DEFAULT NULL,
  `round_id` int(11) DEFAULT NULL,
  PRIMARY KEY (`id`)
) ENGINE=InnoDB AUTO_INCREMENT=1174 DEFAULT CHARSET=utf8;

--
-- Dumping data for table `match_info`
--

/*!40000 ALTER TABLE `match_info` DISABLE KEYS */;
INSERT INTO `match_info` (`id`,`match_period_id`,`day_id`,`challenger_id`,`challenger_vranking`,`adversary_id`,`adversary_vranking`,`score`,`result`,`round_id`) VALUES 
 (983,3,5,2,2,1,1,'0:2',2,NULL),
 (984,3,6,3,3,2,2,'2:1',1,NULL),
 (985,3,5,3,3,1,1,'0:2',2,NULL),
 (986,3,2,4,4,3,3,'0:2',2,NULL),
 (987,3,6,4,4,2,2,'2:1',1,NULL),
 (988,3,2,5,5,4,4,'2:1',1,NULL),
 (989,3,5,5,5,3,3,'0:2',2,NULL),
 (990,3,6,6,6,5,5,'0:2',2,NULL),
 (991,3,6,6,6,4,4,'0:2',2,NULL),
 (992,3,4,7,7,6,6,'2:1',1,NULL),
 (993,3,1,7,7,5,5,'2:1',1,NULL),
 (994,3,5,8,8,7,7,'2:1',1,NULL),
 (995,3,2,8,8,6,6,'0:2',2,NULL),
 (996,3,6,8,8,5,5,'0:2',2,NULL),
 (997,3,2,8,8,4,4,'2:1',1,NULL),
 (998,3,3,9,9,8,8,'0:2',2,NULL),
 (999,3,5,10,10,8,8,'0:2',2,NULL),
 (1000,3,5,11,11,10,10,'0:2',2,NULL),
 (1001,3,5,12,12,11,11,'0:2',2,NULL),
 (1002,3,6,12,12,10,10,'2:1',1,NULL),
 (1003,3,5,13,13,12,12,'2:1',1,NULL),
 (1004,3,5,13,13,11,11,'2:1',1,NULL),
 (1005,3,5,14,14,13,13,'2:1',1,NULL),
 (1006,3,5,14,14,12,12,'0:2',2,NULL),
 (1007,3,5,15,15,14,14,'0:2',2,NULL),
 (1008,3,4,15,15,13,13,'2:1',1,NULL),
 (1009,3,3,16,16,15,15,'2:1',1,NULL),
 (1010,3,2,16,16,14,14,'2:1',1,NULL),
 (1011,3,5,17,17,16,16,'2:1',1,NULL),
 (1012,3,3,17,17,15,15,'2:1',1,NULL),
 (1013,3,6,18,18,17,17,'0:2',2,NULL),
 (1014,3,2,18,18,16,16,'0:2',2,NULL),
 (1015,3,6,19,19,18,18,'2:1',1,NULL),
 (1016,3,3,19,19,17,17,'2:1',1,NULL),
 (1017,3,5,20,20,19,19,'0:2',2,NULL),
 (1018,3,6,20,20,18,18,'2:1',1,NULL),
 (1019,3,4,21,21,20,20,'0:2',2,NULL),
 (1020,3,5,21,21,19,19,'2:1',1,NULL),
 (1021,3,6,22,22,21,21,'2:1',1,NULL),
 (1022,3,5,22,22,20,20,'0:2',2,NULL),
 (1023,3,5,23,23,22,22,'0:2',2,NULL),
 (1024,3,4,23,23,21,21,'0:2',2,NULL),
 (1025,3,4,24,24,23,23,'2:1',1,NULL),
 (1026,3,5,24,24,22,22,'2:1',1,NULL),
 (1027,3,5,25,25,24,24,'2:1',1,NULL),
 (1028,3,3,25,25,23,23,'2:1',1,NULL),
 (1029,3,5,26,26,25,25,'2:1',1,NULL),
 (1030,3,4,26,26,24,24,'2:1',1,NULL),
 (1031,3,1,27,27,26,26,'0:2',2,NULL),
 (1032,3,5,27,27,25,25,'2:1',1,NULL),
 (1033,3,2,28,28,27,27,'2:1',1,NULL),
 (1034,3,6,28,28,26,26,'2:1',1,NULL),
 (1035,3,4,29,29,28,28,'0:2',2,NULL),
 (1036,3,2,29,29,27,27,'0:2',2,NULL),
 (1037,3,5,30,30,28,28,'2:1',1,NULL),
 (1038,3,6,31,31,30,30,'2:1',1,NULL),
 (1039,3,5,32,32,31,31,'0:2',2,NULL),
 (1040,3,6,32,32,30,30,'2:1',1,NULL),
 (1041,3,5,33,33,32,32,'0:2',2,NULL),
 (1042,3,6,33,33,31,31,'2:1',1,NULL),
 (1043,3,6,34,34,33,33,'0:2',2,NULL),
 (1044,3,6,34,34,32,32,'0:2',2,NULL),
 (1045,3,2,35,35,34,34,'2:1',1,NULL),
 (1046,3,5,35,35,33,33,'2:1',1,NULL),
 (1047,3,6,36,36,35,35,'0:2',2,NULL),
 (1048,3,6,36,36,34,34,'0:2',2,NULL),
 (1049,3,5,37,37,36,36,'2:1',1,NULL),
 (1050,3,6,37,37,35,35,'2:1',1,NULL),
 (1051,3,5,38,38,37,37,'2:1',1,NULL),
 (1052,3,5,38,38,36,36,'2:1',1,NULL),
 (1053,3,3,39,39,38,38,'2:1',1,NULL),
 (1054,3,6,39,39,37,37,'0:2',2,NULL),
 (1055,3,6,40,40,39,39,'2:1',1,NULL),
 (1056,3,6,40,40,38,38,'2:1',1,NULL),
 (1057,3,5,41,41,40,40,'2:1',1,NULL),
 (1058,3,4,41,41,39,39,'2:1',1,NULL),
 (1059,3,6,42,42,41,41,'2:1',1,NULL),
 (1060,3,5,42,42,40,40,'2:1',1,NULL),
 (1061,3,5,43,43,42,42,'0:2',2,NULL),
 (1062,3,4,43,43,41,41,'2:1',1,NULL),
 (1063,3,6,44,44,43,43,'0:2',2,NULL),
 (1064,3,6,44,44,42,42,'0:2',2,NULL),
 (1065,3,5,45,45,44,44,'2:1',1,NULL),
 (1066,3,4,45,45,43,43,'0:2',2,NULL),
 (1067,3,4,46,46,45,45,'0:2',2,NULL),
 (1068,3,5,46,46,44,44,'2:1',1,NULL),
 (1069,3,4,47,47,46,46,'0:2',2,NULL),
 (1070,3,6,47,47,45,45,'2:1',1,NULL),
 (1071,3,1,48,48,47,47,'0:2',2,NULL),
 (1072,3,5,48,48,46,46,'0:2',2,NULL),
 (1073,3,6,49,49,48,48,'2:1',1,NULL),
 (1074,3,5,49,49,47,47,'0:2',2,NULL),
 (1075,3,2,50,50,49,49,'0:2',2,NULL),
 (1076,3,5,50,50,48,48,'2:1',1,NULL),
 (1077,NULL,5,2,2,1,1,'2:1',1,3),
 (1078,NULL,6,3,3,2,2,'2:1',1,3),
 (1079,NULL,5,3,3,1,1,'2:1',1,3),
 (1080,NULL,5,4,4,3,3,'0:2',2,3),
 (1081,NULL,6,4,4,2,2,'0:2',2,3),
 (1082,NULL,5,5,5,4,4,'2:1',1,3),
 (1083,NULL,6,5,5,3,3,'2:1',1,3),
 (1084,NULL,2,6,6,5,5,'2:1',1,3),
 (1085,NULL,4,6,6,4,4,'0:2',2,3),
 (1086,NULL,3,7,7,6,6,'2:1',1,3),
 (1087,NULL,6,7,7,5,5,'2:1',1,3),
 (1088,NULL,6,8,8,7,7,'2:1',1,3),
 (1089,NULL,5,8,8,6,6,'2:1',1,3),
 (1090,NULL,5,9,9,8,8,'0:2',2,3),
 (1091,NULL,3,9,9,7,7,'2:1',1,3),
 (1092,NULL,2,10,10,9,9,'0:2',2,3),
 (1093,NULL,6,10,10,8,8,'2:1',1,3),
 (1094,NULL,5,11,11,10,10,'0:2',2,3),
 (1095,NULL,4,11,11,9,9,'2:1',1,3),
 (1096,NULL,6,12,12,11,11,'0:2',2,3),
 (1097,NULL,5,12,12,10,10,'2:1',1,3),
 (1098,NULL,5,13,13,12,12,'2:1',1,3),
 (1099,NULL,3,13,13,11,11,'0:2',2,3),
 (1100,NULL,1,14,14,13,13,'0:2',2,3),
 (1101,NULL,5,14,14,12,12,'0:2',2,3),
 (1102,NULL,1,15,15,14,14,'2:1',1,3),
 (1103,NULL,6,15,15,13,13,'0:2',2,3),
 (1104,NULL,5,16,16,15,15,'2:1',1,3),
 (1105,NULL,5,16,16,14,14,'0:2',2,3),
 (1106,NULL,1,17,17,16,16,'2:1',1,3),
 (1107,NULL,5,17,17,15,15,'2:1',1,3),
 (1108,NULL,4,18,18,17,17,'2:1',1,3),
 (1109,NULL,6,18,18,16,16,'0:2',2,3),
 (1110,NULL,6,19,19,18,18,'2:1',1,3),
 (1111,NULL,3,19,19,17,17,'0:2',2,3),
 (1112,NULL,6,20,20,19,19,'0:2',2,3),
 (1113,NULL,5,20,20,18,18,'2:1',1,3),
 (1114,NULL,5,21,21,20,20,'2:1',1,3),
 (1115,NULL,6,21,21,19,19,'2:1',1,3),
 (1116,NULL,5,22,22,21,21,'2:1',1,3),
 (1117,NULL,4,22,22,20,20,'2:1',1,3),
 (1118,NULL,6,23,23,22,22,'0:2',2,3),
 (1119,NULL,6,23,23,21,21,'2:1',1,3),
 (1120,NULL,5,24,24,23,23,'2:1',1,3),
 (1121,NULL,4,24,24,22,22,'0:2',2,3),
 (1122,NULL,6,25,25,24,24,'0:2',2,3),
 (1123,NULL,5,25,25,23,23,'2:1',1,3),
 (1124,NULL,5,26,26,25,25,'2:1',1,3),
 (1125,NULL,6,26,26,24,24,'2:1',1,3),
 (1126,NULL,1,27,27,26,26,'2:1',1,3),
 (1127,NULL,6,27,27,25,25,'2:1',1,3),
 (1128,NULL,3,28,28,27,27,'0:2',2,3),
 (1129,NULL,5,28,28,26,26,'0:2',2,3),
 (1130,NULL,3,29,29,28,28,'0:2',2,3),
 (1131,NULL,5,29,29,27,27,'2:1',1,3),
 (1132,NULL,3,30,30,29,29,'2:1',1,3),
 (1133,NULL,4,30,30,28,28,'0:2',2,3),
 (1134,NULL,5,31,31,30,30,'2:1',1,3),
 (1135,NULL,1,31,31,29,29,'2:1',1,3),
 (1136,NULL,4,32,32,31,31,'0:2',2,3),
 (1137,NULL,6,32,32,30,30,'2:1',1,3),
 (1138,NULL,6,33,33,32,32,'0:2',2,3),
 (1139,NULL,6,33,33,31,31,'0:2',2,3),
 (1140,NULL,2,34,34,33,33,'0:2',2,3),
 (1141,NULL,6,34,34,32,32,'0:2',2,3),
 (1142,NULL,6,35,35,34,34,'2:1',1,3),
 (1143,NULL,6,35,35,33,33,'2:1',1,3),
 (1144,NULL,5,36,36,35,35,'2:1',1,3),
 (1145,NULL,2,36,36,34,34,'2:1',1,3),
 (1146,NULL,6,37,37,36,36,'2:1',1,3),
 (1147,NULL,5,37,37,35,35,'2:1',1,3),
 (1148,NULL,5,38,38,37,37,'0:2',2,3),
 (1149,NULL,6,38,38,36,36,'0:2',2,3),
 (1150,NULL,5,39,39,38,38,'2:1',1,3),
 (1151,NULL,2,39,39,37,37,'0:2',2,3),
 (1152,NULL,6,40,40,39,39,'0:2',2,3),
 (1153,NULL,6,40,40,38,38,'2:1',1,3),
 (1154,NULL,4,41,41,40,40,'0:2',2,3),
 (1155,NULL,5,41,41,39,39,'2:1',1,3),
 (1156,NULL,6,42,42,41,41,'2:1',1,3),
 (1157,NULL,5,42,42,40,40,'2:1',1,3),
 (1158,NULL,5,43,43,42,42,'0:2',2,3),
 (1159,NULL,6,43,43,41,41,'2:1',1,3),
 (1160,NULL,1,44,44,43,43,'0:2',2,3),
 (1161,NULL,6,44,44,42,42,'0:2',2,3),
 (1162,NULL,2,45,45,44,44,'2:1',1,3),
 (1163,NULL,1,45,45,43,43,'0:2',2,3),
 (1164,NULL,5,46,46,45,45,'2:1',1,3),
 (1165,NULL,2,46,46,44,44,'2:1',1,3),
 (1166,NULL,4,47,47,46,46,'0:2',2,3),
 (1167,NULL,3,47,47,45,45,'2:1',1,3),
 (1168,NULL,6,48,48,47,47,'2:1',1,3),
 (1169,NULL,5,48,48,46,46,'2:1',1,3),
 (1170,NULL,3,49,49,48,48,'0:2',2,3),
 (1171,NULL,6,49,49,47,47,'2:1',1,3),
 (1172,NULL,6,50,50,49,49,'2:1',1,3),
 (1173,NULL,6,50,50,48,48,'0:2',2,3);
/*!40000 ALTER TABLE `match_info` ENABLE KEYS */;


--
-- Definition of table `match_period`
--

DROP TABLE IF EXISTS `match_period`;
CREATE TABLE `match_period` (
  `id` int(11) NOT NULL AUTO_INCREMENT,
  `name` varchar(64) DEFAULT NULL,
  `Year` varchar(8) DEFAULT NULL,
  `Month` varchar(64) DEFAULT NULL,
  `Week` varchar(64) DEFAULT NULL,
  `memo` varchar(32) DEFAULT NULL,
  `status` int(11) DEFAULT NULL,
  `last_period_id` int(11) DEFAULT NULL,
  PRIMARY KEY (`id`)
) ENGINE=InnoDB AUTO_INCREMENT=12 DEFAULT CHARSET=utf8;

--
-- Dumping data for table `match_period`
--

/*!40000 ALTER TABLE `match_period` DISABLE KEYS */;
INSERT INTO `match_period` (`id`,`name`,`Year`,`Month`,`Week`,`memo`,`status`,`last_period_id`) VALUES 
 (1,'初始化','2017','12','52',NULL,9,0),
 (2,'第一周','2017','12','53',NULL,3,1),
 (3,'第二周','2017','12','54',NULL,2,4),
 (4,'第三周','2018','1','2',NULL,3,2),
 (5,'第四周','2018','1','3',NULL,0,0),
 (6,'第五周','2018','1','4',NULL,0,0),
 (7,'第六周','2018','2','5',NULL,0,0),
 (8,'第七周','2018','2','6',NULL,0,0),
 (9,'第八周','2018','2','7',NULL,0,0),
 (10,'第九周','2018','2','8',NULL,0,0),
 (11,'第十周','2018','2','9',NULL,0,0);
/*!40000 ALTER TABLE `match_period` ENABLE KEYS */;


--
-- Definition of table `match_registration_adversary`
--

DROP TABLE IF EXISTS `match_registration_adversary`;
CREATE TABLE `match_registration_adversary` (
  `id` int(11) NOT NULL AUTO_INCREMENT,
  `player_id` int(11) DEFAULT NULL,
  `match_period_id` int(11) DEFAULT NULL,
  `adversary_id` int(11) DEFAULT NULL,
  `round_id` int(11) DEFAULT NULL,
  PRIMARY KEY (`id`)
) ENGINE=InnoDB AUTO_INCREMENT=2206 DEFAULT CHARSET=utf8;

--
-- Dumping data for table `match_registration_adversary`
--

/*!40000 ALTER TABLE `match_registration_adversary` DISABLE KEYS */;
INSERT INTO `match_registration_adversary` (`id`,`player_id`,`match_period_id`,`adversary_id`,`round_id`) VALUES 
 (340,3,2,52,NULL),
 (341,4,2,52,NULL),
 (342,5,2,4,NULL),
 (343,6,2,4,NULL),
 (344,6,2,52,NULL),
 (345,6,2,51,NULL),
 (346,8,2,7,NULL),
 (347,8,2,6,NULL),
 (348,8,2,5,NULL),
 (349,9,2,6,NULL),
 (350,9,2,5,NULL),
 (351,9,2,4,NULL),
 (352,10,2,7,NULL),
 (353,10,2,6,NULL),
 (354,10,2,5,NULL),
 (355,11,2,10,NULL),
 (356,11,2,8,NULL),
 (357,11,2,6,NULL),
 (358,12,2,10,NULL),
 (359,12,2,9,NULL),
 (360,12,2,8,NULL),
 (361,12,2,7,NULL),
 (362,13,2,12,NULL),
 (363,13,2,11,NULL),
 (364,13,2,10,NULL),
 (365,13,2,8,NULL),
 (366,14,2,13,NULL),
 (367,14,2,12,NULL),
 (368,14,2,10,NULL),
 (369,15,2,13,NULL),
 (370,15,2,10,NULL),
 (371,16,2,14,NULL),
 (372,16,2,13,NULL),
 (373,16,2,12,NULL),
 (374,17,2,14,NULL),
 (375,17,2,13,NULL),
 (376,17,2,12,NULL),
 (377,18,2,17,NULL),
 (378,18,2,14,NULL),
 (379,19,2,18,NULL),
 (380,19,2,17,NULL),
 (381,19,2,15,NULL),
 (382,19,2,14,NULL),
 (383,20,2,18,NULL),
 (384,21,2,20,NULL),
 (385,21,2,19,NULL),
 (386,21,2,18,NULL),
 (387,22,2,21,NULL),
 (388,22,2,20,NULL),
 (389,22,2,19,NULL),
 (390,22,2,18,NULL),
 (391,23,2,22,NULL),
 (392,23,2,20,NULL),
 (393,23,2,19,NULL),
 (394,23,2,18,NULL),
 (395,24,2,23,NULL),
 (396,24,2,21,NULL),
 (397,24,2,20,NULL),
 (398,24,2,19,NULL),
 (399,25,2,20,NULL),
 (400,26,2,25,NULL),
 (401,26,2,24,NULL),
 (402,27,2,26,NULL),
 (403,27,2,23,NULL),
 (404,27,2,22,NULL),
 (405,28,2,27,NULL),
 (406,29,2,26,NULL),
 (407,29,2,24,NULL),
 (408,31,2,30,NULL),
 (409,31,2,28,NULL),
 (410,31,2,27,NULL),
 (411,31,2,26,NULL),
 (412,32,2,30,NULL),
 (413,32,2,28,NULL),
 (414,33,2,32,NULL),
 (415,34,2,30,NULL),
 (416,35,2,33,NULL),
 (417,35,2,30,NULL),
 (418,36,2,34,NULL),
 (419,36,2,33,NULL),
 (420,36,2,32,NULL),
 (421,37,2,36,NULL),
 (422,37,2,34,NULL),
 (423,37,2,32,NULL),
 (424,38,2,37,NULL),
 (425,38,2,35,NULL),
 (426,38,2,33,NULL),
 (427,39,2,38,NULL),
 (428,39,2,37,NULL),
 (429,39,2,35,NULL),
 (430,40,2,39,NULL),
 (431,40,2,38,NULL),
 (432,40,2,37,NULL),
 (433,40,2,36,NULL),
 (434,40,2,35,NULL),
 (435,41,2,38,NULL),
 (436,42,2,40,NULL),
 (437,42,2,39,NULL),
 (438,42,2,38,NULL),
 (439,42,2,37,NULL),
 (440,43,2,42,NULL),
 (441,43,2,41,NULL),
 (442,43,2,40,NULL),
 (443,43,2,39,NULL),
 (444,44,2,42,NULL),
 (445,44,2,41,NULL),
 (446,45,2,44,NULL),
 (447,45,2,43,NULL),
 (448,45,2,42,NULL),
 (449,45,2,40,NULL),
 (450,46,2,45,NULL),
 (451,46,2,42,NULL),
 (452,46,2,41,NULL),
 (453,47,2,45,NULL),
 (454,47,2,44,NULL),
 (455,47,2,43,NULL),
 (456,48,2,45,NULL),
 (457,48,2,44,NULL),
 (458,48,2,43,NULL),
 (459,49,2,44,NULL),
 (460,50,2,48,NULL),
 (461,50,2,47,NULL),
 (462,50,2,46,NULL),
 (463,52,2,51,NULL),
 (464,143,3,142,NULL),
 (465,146,3,145,NULL),
 (466,147,3,144,NULL),
 (467,147,3,143,NULL),
 (468,148,3,147,NULL),
 (469,148,3,145,NULL),
 (470,148,3,144,NULL),
 (471,149,3,144,NULL),
 (472,150,3,148,NULL),
 (473,150,3,146,NULL),
 (474,150,3,145,NULL),
 (475,151,3,150,NULL),
 (476,151,3,148,NULL),
 (477,151,3,147,NULL),
 (478,152,3,149,NULL),
 (479,152,3,148,NULL),
 (480,152,3,147,NULL),
 (481,153,3,150,NULL),
 (482,153,3,149,NULL),
 (483,154,3,153,NULL),
 (484,155,3,154,NULL),
 (485,155,3,151,NULL),
 (486,155,3,150,NULL),
 (487,156,3,155,NULL),
 (488,156,3,152,NULL),
 (489,156,3,151,NULL),
 (490,157,3,154,NULL),
 (491,157,3,152,NULL),
 (492,158,3,157,NULL),
 (493,158,3,155,NULL),
 (494,158,3,154,NULL),
 (495,159,3,158,NULL),
 (496,159,3,157,NULL),
 (497,159,3,154,NULL),
 (498,160,3,159,NULL),
 (499,160,3,156,NULL),
 (500,161,3,159,NULL),
 (501,161,3,158,NULL),
 (502,162,3,160,NULL),
 (503,162,3,159,NULL),
 (504,162,3,158,NULL),
 (505,163,3,159,NULL),
 (506,164,3,163,NULL),
 (507,164,3,162,NULL),
 (508,164,3,161,NULL),
 (509,165,3,164,NULL),
 (510,165,3,162,NULL),
 (511,165,3,161,NULL),
 (512,165,3,160,NULL),
 (513,166,3,165,NULL),
 (514,166,3,163,NULL),
 (515,167,3,165,NULL),
 (516,167,3,164,NULL),
 (517,167,3,162,NULL),
 (518,168,3,167,NULL),
 (519,168,3,165,NULL),
 (520,168,3,163,NULL),
 (521,169,3,164,NULL),
 (522,170,3,169,NULL),
 (523,170,3,168,NULL),
 (524,170,3,167,NULL),
 (525,170,3,166,NULL),
 (526,170,3,165,NULL),
 (527,171,3,168,NULL),
 (528,171,3,166,NULL),
 (529,172,3,170,NULL),
 (530,172,3,169,NULL),
 (531,172,3,168,NULL),
 (532,173,3,172,NULL),
 (533,174,3,173,NULL),
 (534,174,3,171,NULL),
 (535,174,3,170,NULL),
 (536,175,3,171,NULL),
 (537,175,3,170,NULL),
 (538,176,3,175,NULL),
 (539,176,3,172,NULL),
 (540,177,3,172,NULL),
 (541,178,3,175,NULL),
 (542,178,3,173,NULL),
 (543,179,3,176,NULL),
 (544,179,3,174,NULL),
 (545,180,3,175,NULL),
 (546,181,3,180,NULL),
 (547,181,3,179,NULL),
 (548,181,3,177,NULL),
 (549,181,3,176,NULL),
 (550,182,3,181,NULL),
 (551,182,3,178,NULL),
 (552,183,3,182,NULL),
 (553,183,3,181,NULL),
 (554,183,3,180,NULL),
 (555,183,3,179,NULL),
 (556,184,3,180,NULL),
 (557,185,3,181,NULL),
 (558,186,3,184,NULL),
 (559,186,3,182,NULL),
 (560,187,3,184,NULL),
 (561,187,3,183,NULL),
 (562,188,3,187,NULL),
 (563,188,3,186,NULL),
 (564,188,3,184,NULL),
 (565,189,3,188,NULL),
 (566,189,3,184,NULL),
 (567,190,3,189,NULL),
 (568,190,3,188,NULL),
 (569,190,3,187,NULL),
 (570,190,3,186,NULL),
 (571,191,3,188,NULL),
 (572,191,3,186,NULL),
 (1745,2,3,1,NULL),
 (1746,3,3,2,NULL),
 (1747,3,3,1,NULL),
 (1748,4,3,3,NULL),
 (1749,4,3,2,NULL),
 (1750,5,3,4,NULL),
 (1751,5,3,3,NULL),
 (1752,6,3,5,NULL),
 (1753,6,3,4,NULL),
 (1754,7,3,6,NULL),
 (1755,7,3,5,NULL),
 (1760,10,3,9,NULL),
 (1761,10,3,8,NULL),
 (1762,11,3,10,NULL),
 (1763,11,3,9,NULL),
 (1764,12,3,11,NULL),
 (1765,12,3,10,NULL),
 (1766,13,3,12,NULL),
 (1767,13,3,11,NULL),
 (1768,14,3,13,NULL),
 (1769,14,3,12,NULL),
 (1772,16,3,15,NULL),
 (1773,16,3,14,NULL),
 (1774,17,3,16,NULL),
 (1775,17,3,15,NULL),
 (1776,18,3,17,NULL),
 (1777,18,3,16,NULL),
 (1778,19,3,18,NULL),
 (1779,19,3,17,NULL),
 (1780,20,3,19,NULL),
 (1781,20,3,18,NULL),
 (1782,21,3,20,NULL),
 (1783,21,3,19,NULL),
 (1784,22,3,21,NULL),
 (1785,22,3,20,NULL),
 (1786,23,3,22,NULL),
 (1787,23,3,21,NULL),
 (1788,24,3,23,NULL),
 (1789,24,3,22,NULL),
 (1790,25,3,24,NULL),
 (1791,25,3,23,NULL),
 (1792,26,3,25,NULL),
 (1793,26,3,24,NULL),
 (1794,27,3,26,NULL),
 (1795,27,3,25,NULL),
 (1796,28,3,27,NULL),
 (1797,28,3,26,NULL),
 (1798,29,3,28,NULL),
 (1799,29,3,27,NULL),
 (1800,30,3,29,NULL),
 (1801,30,3,28,NULL),
 (1802,31,3,30,NULL),
 (1803,31,3,29,NULL),
 (1804,32,3,31,NULL),
 (1805,32,3,30,NULL),
 (1806,33,3,32,NULL),
 (1807,33,3,31,NULL),
 (1808,34,3,33,NULL),
 (1809,34,3,32,NULL),
 (1810,35,3,34,NULL),
 (1811,35,3,33,NULL),
 (1812,36,3,35,NULL),
 (1813,36,3,34,NULL),
 (1814,37,3,36,NULL),
 (1815,37,3,35,NULL),
 (1816,38,3,37,NULL),
 (1817,38,3,36,NULL),
 (1818,39,3,38,NULL),
 (1819,39,3,37,NULL),
 (1820,40,3,39,NULL),
 (1821,40,3,38,NULL),
 (1822,41,3,40,NULL),
 (1823,41,3,39,NULL),
 (1824,42,3,41,NULL),
 (1825,42,3,40,NULL),
 (1826,43,3,42,NULL),
 (1827,43,3,41,NULL),
 (1828,44,3,43,NULL),
 (1829,44,3,42,NULL),
 (1830,45,3,44,NULL),
 (1831,45,3,43,NULL),
 (1832,46,3,45,NULL),
 (1833,46,3,44,NULL),
 (1834,47,3,46,NULL),
 (1835,47,3,45,NULL),
 (1836,48,3,47,NULL),
 (1837,48,3,46,NULL),
 (1838,49,3,48,NULL),
 (1839,49,3,47,NULL),
 (1840,50,3,49,NULL),
 (1841,50,3,48,NULL),
 (1862,8,3,7,NULL),
 (1863,8,3,6,NULL),
 (1864,8,3,5,NULL),
 (1865,8,3,4,NULL),
 (1866,15,3,14,NULL),
 (1867,15,3,13,NULL),
 (1868,15,3,11,NULL),
 (1870,9,3,8,NULL),
 (1871,9,3,5,NULL),
 (2107,2,NULL,1,3),
 (2108,3,NULL,2,3),
 (2109,3,NULL,1,3),
 (2110,4,NULL,3,3),
 (2111,4,NULL,2,3),
 (2112,5,NULL,4,3),
 (2113,5,NULL,3,3),
 (2114,6,NULL,5,3),
 (2115,6,NULL,4,3),
 (2116,7,NULL,6,3),
 (2117,7,NULL,5,3),
 (2118,8,NULL,7,3),
 (2119,8,NULL,6,3),
 (2120,9,NULL,8,3),
 (2121,9,NULL,7,3),
 (2122,10,NULL,9,3),
 (2123,10,NULL,8,3),
 (2126,12,NULL,11,3),
 (2127,12,NULL,10,3),
 (2128,13,NULL,12,3),
 (2129,13,NULL,11,3),
 (2130,14,NULL,13,3),
 (2131,14,NULL,12,3),
 (2132,15,NULL,14,3),
 (2133,15,NULL,13,3),
 (2134,16,NULL,15,3),
 (2135,16,NULL,14,3),
 (2136,17,NULL,16,3),
 (2137,17,NULL,15,3),
 (2138,18,NULL,17,3),
 (2139,18,NULL,16,3),
 (2140,19,NULL,18,3),
 (2141,19,NULL,17,3),
 (2142,20,NULL,19,3),
 (2143,20,NULL,18,3),
 (2144,21,NULL,20,3),
 (2145,21,NULL,19,3),
 (2146,22,NULL,21,3),
 (2147,22,NULL,20,3),
 (2148,23,NULL,22,3),
 (2149,23,NULL,21,3),
 (2150,24,NULL,23,3),
 (2151,24,NULL,22,3),
 (2152,25,NULL,24,3),
 (2153,25,NULL,23,3),
 (2154,26,NULL,25,3),
 (2155,26,NULL,24,3),
 (2156,27,NULL,26,3),
 (2157,27,NULL,25,3),
 (2158,28,NULL,27,3),
 (2159,28,NULL,26,3),
 (2160,29,NULL,28,3),
 (2161,29,NULL,27,3),
 (2162,30,NULL,29,3),
 (2163,30,NULL,28,3),
 (2164,31,NULL,30,3),
 (2165,31,NULL,29,3),
 (2166,32,NULL,31,3),
 (2167,32,NULL,30,3),
 (2168,33,NULL,32,3),
 (2169,33,NULL,31,3),
 (2170,34,NULL,33,3),
 (2171,34,NULL,32,3),
 (2172,35,NULL,34,3),
 (2173,35,NULL,33,3),
 (2174,36,NULL,35,3),
 (2175,36,NULL,34,3),
 (2176,37,NULL,36,3),
 (2177,37,NULL,35,3),
 (2178,38,NULL,37,3),
 (2179,38,NULL,36,3),
 (2180,39,NULL,38,3),
 (2181,39,NULL,37,3),
 (2182,40,NULL,39,3),
 (2183,40,NULL,38,3),
 (2184,41,NULL,40,3),
 (2185,41,NULL,39,3),
 (2186,42,NULL,41,3),
 (2187,42,NULL,40,3),
 (2188,43,NULL,42,3),
 (2189,43,NULL,41,3),
 (2190,44,NULL,43,3),
 (2191,44,NULL,42,3),
 (2192,45,NULL,44,3),
 (2193,45,NULL,43,3),
 (2194,46,NULL,45,3),
 (2195,46,NULL,44,3),
 (2196,47,NULL,46,3),
 (2197,47,NULL,45,3),
 (2198,48,NULL,47,3),
 (2199,48,NULL,46,3),
 (2200,49,NULL,48,3),
 (2201,49,NULL,47,3),
 (2202,50,NULL,49,3),
 (2203,50,NULL,48,3),
 (2204,11,NULL,10,3),
 (2205,11,NULL,9,3);
/*!40000 ALTER TABLE `match_registration_adversary` ENABLE KEYS */;


--
-- Definition of table `match_registration_days`
--

DROP TABLE IF EXISTS `match_registration_days`;
CREATE TABLE `match_registration_days` (
  `id` int(11) NOT NULL AUTO_INCREMENT,
  `player_id` int(11) DEFAULT NULL,
  `match_period_id` int(11) DEFAULT NULL,
  `free_day` int(11) DEFAULT NULL,
  `round_id` int(11) DEFAULT NULL,
  PRIMARY KEY (`id`)
) ENGINE=InnoDB AUTO_INCREMENT=2637 DEFAULT CHARSET=utf8;

--
-- Dumping data for table `match_registration_days`
--

/*!40000 ALTER TABLE `match_registration_days` DISABLE KEYS */;
INSERT INTO `match_registration_days` (`id`,`player_id`,`match_period_id`,`free_day`,`round_id`) VALUES 
 (441,3,2,3,NULL),
 (442,3,2,5,NULL),
 (443,4,2,0,NULL),
 (444,4,2,4,NULL),
 (445,4,2,5,NULL),
 (446,5,2,0,NULL),
 (447,5,2,1,NULL),
 (448,5,2,4,NULL),
 (449,5,2,5,NULL),
 (450,6,2,1,NULL),
 (451,6,2,2,NULL),
 (452,6,2,4,NULL),
 (453,7,2,2,NULL),
 (454,7,2,3,NULL),
 (455,8,2,0,NULL),
 (456,8,2,1,NULL),
 (457,8,2,3,NULL),
 (458,8,2,4,NULL),
 (459,9,2,1,NULL),
 (460,9,2,2,NULL),
 (461,9,2,3,NULL),
 (462,9,2,4,NULL),
 (463,10,2,1,NULL),
 (464,10,2,3,NULL),
 (465,11,2,5,NULL),
 (466,12,2,0,NULL),
 (467,12,2,1,NULL),
 (468,12,2,3,NULL),
 (469,12,2,4,NULL),
 (470,13,2,4,NULL),
 (471,13,2,5,NULL),
 (472,14,2,0,NULL),
 (473,14,2,1,NULL),
 (474,14,2,2,NULL),
 (475,14,2,4,NULL),
 (476,15,2,3,NULL),
 (477,15,2,4,NULL),
 (478,16,2,0,NULL),
 (479,16,2,1,NULL),
 (480,17,2,1,NULL),
 (481,17,2,2,NULL),
 (482,17,2,5,NULL),
 (483,18,2,0,NULL),
 (484,18,2,4,NULL),
 (485,19,2,1,NULL),
 (486,19,2,4,NULL),
 (487,20,2,1,NULL),
 (488,20,2,4,NULL),
 (489,20,2,5,NULL),
 (490,21,2,1,NULL),
 (491,21,2,2,NULL),
 (492,21,2,3,NULL),
 (493,21,2,5,NULL),
 (494,22,2,0,NULL),
 (495,22,2,1,NULL),
 (496,22,2,5,NULL),
 (497,23,2,0,NULL),
 (498,23,2,2,NULL),
 (499,23,2,3,NULL),
 (500,23,2,4,NULL),
 (501,24,2,0,NULL),
 (502,24,2,2,NULL),
 (503,24,2,3,NULL),
 (504,24,2,4,NULL),
 (505,25,2,0,NULL),
 (506,25,2,5,NULL),
 (507,26,2,2,NULL),
 (508,26,2,3,NULL),
 (509,26,2,4,NULL),
 (510,27,2,2,NULL),
 (511,27,2,5,NULL),
 (512,28,2,0,NULL),
 (513,28,2,1,NULL),
 (514,28,2,5,NULL),
 (515,29,2,0,NULL),
 (516,29,2,1,NULL),
 (517,29,2,3,NULL),
 (518,29,2,4,NULL),
 (519,29,2,5,NULL),
 (520,30,2,2,NULL),
 (521,30,2,5,NULL),
 (522,31,2,0,NULL),
 (523,31,2,1,NULL),
 (524,31,2,2,NULL),
 (525,31,2,3,NULL),
 (526,31,2,4,NULL),
 (527,31,2,5,NULL),
 (528,32,2,1,NULL),
 (529,32,2,2,NULL),
 (530,32,2,3,NULL),
 (531,32,2,4,NULL),
 (532,33,2,0,NULL),
 (533,33,2,3,NULL),
 (534,33,2,4,NULL),
 (535,33,2,5,NULL),
 (536,34,2,0,NULL),
 (537,34,2,1,NULL),
 (538,34,2,2,NULL),
 (539,35,2,0,NULL),
 (540,35,2,4,NULL),
 (541,36,2,1,NULL),
 (542,36,2,2,NULL),
 (543,37,2,5,NULL),
 (544,38,2,1,NULL),
 (545,38,2,2,NULL),
 (546,39,2,0,NULL),
 (547,39,2,1,NULL),
 (548,39,2,4,NULL),
 (549,40,2,0,NULL),
 (550,40,2,2,NULL),
 (551,40,2,3,NULL),
 (552,40,2,5,NULL),
 (553,41,2,1,NULL),
 (554,41,2,4,NULL),
 (555,42,2,2,NULL),
 (556,42,2,4,NULL),
 (557,43,2,1,NULL),
 (558,44,2,1,NULL),
 (559,44,2,2,NULL),
 (560,44,2,4,NULL),
 (561,44,2,5,NULL),
 (562,45,2,0,NULL),
 (563,45,2,1,NULL),
 (564,45,2,2,NULL),
 (565,45,2,3,NULL),
 (566,45,2,4,NULL),
 (567,46,2,0,NULL),
 (568,46,2,1,NULL),
 (569,46,2,3,NULL),
 (570,46,2,5,NULL),
 (571,47,2,1,NULL),
 (572,47,2,2,NULL),
 (573,47,2,3,NULL),
 (574,48,2,0,NULL),
 (575,48,2,2,NULL),
 (576,48,2,3,NULL),
 (577,48,2,4,NULL),
 (578,48,2,5,NULL),
 (579,49,2,2,NULL),
 (580,49,2,4,NULL),
 (581,49,2,5,NULL),
 (582,50,2,2,NULL),
 (583,51,2,1,NULL),
 (584,51,2,2,NULL),
 (585,51,2,3,NULL),
 (586,52,2,0,NULL),
 (587,52,2,2,NULL),
 (588,52,2,3,NULL),
 (589,52,2,4,NULL),
 (590,52,2,5,NULL),
 (591,142,3,1,NULL),
 (592,142,3,2,NULL),
 (593,142,3,4,NULL),
 (594,142,3,5,NULL),
 (595,143,3,0,NULL),
 (596,143,3,2,NULL),
 (597,143,3,3,NULL),
 (598,143,3,4,NULL),
 (599,144,3,3,NULL),
 (600,145,3,1,NULL),
 (601,145,3,3,NULL),
 (602,145,3,4,NULL),
 (603,145,3,5,NULL),
 (604,146,3,0,NULL),
 (605,146,3,2,NULL),
 (606,146,3,3,NULL),
 (607,146,3,5,NULL),
 (608,147,3,0,NULL),
 (609,147,3,1,NULL),
 (610,147,3,2,NULL),
 (611,147,3,4,NULL),
 (612,147,3,5,NULL),
 (613,148,3,0,NULL),
 (614,148,3,1,NULL),
 (615,148,3,3,NULL),
 (616,148,3,5,NULL),
 (617,149,3,1,NULL),
 (618,149,3,2,NULL),
 (619,149,3,5,NULL),
 (620,150,3,0,NULL),
 (621,150,3,1,NULL),
 (622,150,3,2,NULL),
 (623,150,3,5,NULL),
 (624,151,3,0,NULL),
 (625,151,3,1,NULL),
 (626,151,3,2,NULL),
 (627,151,3,3,NULL),
 (628,151,3,4,NULL),
 (629,151,3,5,NULL),
 (630,152,3,0,NULL),
 (631,152,3,2,NULL),
 (632,152,3,4,NULL),
 (633,153,3,2,NULL),
 (634,153,3,3,NULL),
 (635,153,3,4,NULL),
 (636,153,3,5,NULL),
 (637,154,3,0,NULL),
 (638,154,3,1,NULL),
 (639,154,3,2,NULL),
 (640,154,3,4,NULL),
 (641,154,3,5,NULL),
 (642,155,3,0,NULL),
 (643,155,3,5,NULL),
 (644,156,3,0,NULL),
 (645,156,3,2,NULL),
 (646,156,3,3,NULL),
 (647,157,3,0,NULL),
 (648,157,3,1,NULL),
 (649,157,3,3,NULL),
 (650,157,3,4,NULL),
 (651,157,3,5,NULL),
 (652,158,3,0,NULL),
 (653,158,3,1,NULL),
 (654,158,3,3,NULL),
 (655,158,3,5,NULL),
 (656,159,3,0,NULL),
 (657,160,3,0,NULL),
 (658,160,3,2,NULL),
 (659,160,3,4,NULL),
 (660,161,3,0,NULL),
 (661,161,3,1,NULL),
 (662,161,3,3,NULL),
 (663,161,3,5,NULL),
 (664,162,3,0,NULL),
 (665,162,3,1,NULL),
 (666,162,3,3,NULL),
 (667,162,3,4,NULL),
 (668,162,3,5,NULL),
 (669,163,3,2,NULL),
 (670,163,3,3,NULL),
 (671,164,3,0,NULL),
 (672,164,3,2,NULL),
 (673,164,3,4,NULL),
 (674,165,3,0,NULL),
 (675,165,3,1,NULL),
 (676,165,3,2,NULL),
 (677,165,3,3,NULL),
 (678,166,3,2,NULL),
 (679,166,3,5,NULL),
 (680,167,3,3,NULL),
 (681,167,3,4,NULL),
 (682,167,3,5,NULL),
 (683,168,3,3,NULL),
 (684,168,3,4,NULL),
 (685,168,3,5,NULL),
 (686,169,3,0,NULL),
 (687,169,3,1,NULL),
 (688,169,3,2,NULL),
 (689,169,3,4,NULL),
 (690,169,3,5,NULL),
 (691,170,3,4,NULL),
 (692,170,3,5,NULL),
 (693,171,3,0,NULL),
 (694,171,3,3,NULL),
 (695,171,3,4,NULL),
 (696,171,3,5,NULL),
 (697,172,3,2,NULL),
 (698,173,3,1,NULL),
 (699,173,3,3,NULL),
 (700,173,3,4,NULL),
 (701,174,3,0,NULL),
 (702,174,3,1,NULL),
 (703,174,3,3,NULL),
 (704,175,3,4,NULL),
 (705,175,3,5,NULL),
 (706,176,3,2,NULL),
 (707,176,3,3,NULL),
 (708,176,3,4,NULL),
 (709,177,3,0,NULL),
 (710,177,3,1,NULL),
 (711,177,3,2,NULL),
 (712,177,3,5,NULL),
 (713,178,3,1,NULL),
 (714,178,3,2,NULL),
 (715,178,3,4,NULL),
 (716,178,3,5,NULL),
 (717,179,3,3,NULL),
 (718,179,3,5,NULL),
 (719,180,3,0,NULL),
 (720,180,3,2,NULL),
 (721,180,3,4,NULL),
 (722,180,3,5,NULL),
 (723,181,3,1,NULL),
 (724,181,3,2,NULL),
 (725,182,3,4,NULL),
 (726,183,3,0,NULL),
 (727,183,3,1,NULL),
 (728,183,3,3,NULL),
 (729,184,3,0,NULL),
 (730,184,3,3,NULL),
 (731,184,3,4,NULL),
 (732,184,3,5,NULL),
 (733,185,3,0,NULL),
 (734,185,3,1,NULL),
 (735,185,3,2,NULL),
 (736,185,3,3,NULL),
 (737,185,3,5,NULL),
 (738,186,3,1,NULL),
 (739,186,3,2,NULL),
 (740,187,3,2,NULL),
 (741,187,3,3,NULL),
 (742,187,3,4,NULL),
 (743,187,3,5,NULL),
 (744,188,3,2,NULL),
 (745,189,3,0,NULL),
 (746,189,3,1,NULL),
 (747,189,3,3,NULL),
 (748,189,3,5,NULL),
 (749,190,3,4,NULL),
 (750,190,3,5,NULL),
 (751,191,3,2,NULL),
 (752,191,3,4,NULL),
 (753,191,3,5,NULL),
 (2131,1,3,4,NULL),
 (2132,1,3,5,NULL),
 (2133,1,3,6,NULL),
 (2134,2,3,5,NULL),
 (2135,2,3,6,NULL),
 (2136,3,3,2,NULL),
 (2137,3,3,5,NULL),
 (2138,3,3,6,NULL),
 (2139,4,3,2,NULL),
 (2140,4,3,6,NULL),
 (2141,5,3,1,NULL),
 (2142,5,3,2,NULL),
 (2143,5,3,5,NULL),
 (2144,5,3,6,NULL),
 (2145,6,3,2,NULL),
 (2146,6,3,4,NULL),
 (2147,6,3,6,NULL),
 (2148,7,3,1,NULL),
 (2149,7,3,4,NULL),
 (2150,7,3,5,NULL),
 (2151,7,3,6,NULL),
 (2156,10,3,5,NULL),
 (2157,10,3,6,NULL),
 (2158,11,3,1,NULL),
 (2159,11,3,5,NULL),
 (2160,12,3,5,NULL),
 (2161,12,3,6,NULL),
 (2162,13,3,4,NULL),
 (2163,13,3,5,NULL),
 (2164,13,3,6,NULL),
 (2165,14,3,1,NULL),
 (2166,14,3,2,NULL),
 (2167,14,3,5,NULL),
 (2174,16,3,2,NULL),
 (2175,16,3,3,NULL),
 (2176,16,3,5,NULL),
 (2177,17,3,3,NULL),
 (2178,17,3,5,NULL),
 (2179,17,3,6,NULL),
 (2180,18,3,1,NULL),
 (2181,18,3,2,NULL),
 (2182,18,3,6,NULL),
 (2183,19,3,3,NULL),
 (2184,19,3,5,NULL),
 (2185,19,3,6,NULL),
 (2186,20,3,4,NULL),
 (2187,20,3,5,NULL),
 (2188,20,3,6,NULL),
 (2189,21,3,4,NULL),
 (2190,21,3,5,NULL),
 (2191,21,3,6,NULL),
 (2192,22,3,5,NULL),
 (2193,22,3,6,NULL),
 (2194,23,3,3,NULL),
 (2195,23,3,4,NULL),
 (2196,23,3,5,NULL),
 (2197,23,3,6,NULL),
 (2198,24,3,4,NULL),
 (2199,24,3,5,NULL),
 (2200,25,3,3,NULL),
 (2201,25,3,5,NULL),
 (2202,26,3,1,NULL),
 (2203,26,3,4,NULL),
 (2204,26,3,5,NULL),
 (2205,26,3,6,NULL),
 (2206,27,3,1,NULL),
 (2207,27,3,2,NULL),
 (2208,27,3,4,NULL),
 (2209,27,3,5,NULL),
 (2210,27,3,6,NULL),
 (2211,28,3,2,NULL),
 (2212,28,3,4,NULL),
 (2213,28,3,5,NULL),
 (2214,28,3,6,NULL),
 (2215,29,3,2,NULL),
 (2216,29,3,4,NULL),
 (2217,30,3,5,NULL),
 (2218,30,3,6,NULL),
 (2219,31,3,5,NULL),
 (2220,31,3,6,NULL),
 (2221,32,3,5,NULL),
 (2222,32,3,6,NULL),
 (2223,33,3,5,NULL),
 (2224,33,3,6,NULL),
 (2225,34,3,1,NULL),
 (2226,34,3,2,NULL),
 (2227,34,3,3,NULL),
 (2228,34,3,4,NULL),
 (2229,34,3,6,NULL),
 (2230,35,3,2,NULL),
 (2231,35,3,5,NULL),
 (2232,35,3,6,NULL),
 (2233,36,3,5,NULL),
 (2234,36,3,6,NULL),
 (2235,37,3,1,NULL),
 (2236,37,3,5,NULL),
 (2237,37,3,6,NULL),
 (2238,38,3,3,NULL),
 (2239,38,3,5,NULL),
 (2240,38,3,6,NULL),
 (2241,39,3,3,NULL),
 (2242,39,3,4,NULL),
 (2243,39,3,6,NULL),
 (2244,40,3,5,NULL),
 (2245,40,3,6,NULL),
 (2246,41,3,4,NULL),
 (2247,41,3,5,NULL),
 (2248,41,3,6,NULL),
 (2249,42,3,5,NULL),
 (2250,42,3,6,NULL),
 (2251,43,3,1,NULL),
 (2252,43,3,2,NULL),
 (2253,43,3,4,NULL),
 (2254,43,3,5,NULL),
 (2255,43,3,6,NULL),
 (2256,44,3,5,NULL),
 (2257,44,3,6,NULL),
 (2258,45,3,4,NULL),
 (2259,45,3,5,NULL),
 (2260,45,3,6,NULL),
 (2261,46,3,4,NULL),
 (2262,46,3,5,NULL),
 (2263,47,3,1,NULL),
 (2264,47,3,4,NULL),
 (2265,47,3,5,NULL),
 (2266,47,3,6,NULL),
 (2267,48,3,1,NULL),
 (2268,48,3,5,NULL),
 (2269,48,3,6,NULL),
 (2270,49,3,2,NULL),
 (2271,49,3,4,NULL),
 (2272,49,3,5,NULL),
 (2273,49,3,6,NULL),
 (2274,50,3,2,NULL),
 (2275,50,3,5,NULL),
 (2276,50,3,6,NULL),
 (2301,8,3,2,NULL),
 (2302,8,3,3,NULL),
 (2303,8,3,4,NULL),
 (2304,8,3,5,NULL),
 (2305,8,3,6,NULL),
 (2306,15,3,3,NULL),
 (2307,15,3,4,NULL),
 (2308,15,3,5,NULL),
 (2311,9,3,2,NULL),
 (2312,9,3,3,NULL),
 (2472,1,NULL,5,3),
 (2473,1,NULL,6,3),
 (2474,2,NULL,5,3),
 (2475,2,NULL,6,3),
 (2476,3,NULL,5,3),
 (2477,3,NULL,6,3),
 (2478,4,NULL,4,3),
 (2479,4,NULL,5,3),
 (2480,4,NULL,6,3),
 (2481,5,NULL,2,3),
 (2482,5,NULL,5,3),
 (2483,5,NULL,6,3),
 (2484,6,NULL,1,3),
 (2485,6,NULL,2,3),
 (2486,6,NULL,3,3),
 (2487,6,NULL,4,3),
 (2488,6,NULL,5,3),
 (2489,6,NULL,6,3),
 (2490,7,NULL,3,3),
 (2491,7,NULL,6,3),
 (2492,8,NULL,5,3),
 (2493,8,NULL,6,3),
 (2494,9,NULL,2,3),
 (2495,9,NULL,3,3),
 (2496,9,NULL,4,3),
 (2497,9,NULL,5,3),
 (2498,9,NULL,6,3),
 (2499,10,NULL,1,3),
 (2500,10,NULL,2,3),
 (2501,10,NULL,5,3),
 (2502,10,NULL,6,3),
 (2506,12,NULL,5,3),
 (2507,12,NULL,6,3),
 (2508,13,NULL,1,3),
 (2509,13,NULL,3,3),
 (2510,13,NULL,5,3),
 (2511,13,NULL,6,3),
 (2512,14,NULL,1,3),
 (2513,14,NULL,5,3),
 (2514,15,NULL,1,3),
 (2515,15,NULL,5,3),
 (2516,15,NULL,6,3),
 (2517,16,NULL,1,3),
 (2518,16,NULL,3,3),
 (2519,16,NULL,5,3),
 (2520,16,NULL,6,3),
 (2521,17,NULL,1,3),
 (2522,17,NULL,3,3),
 (2523,17,NULL,4,3),
 (2524,17,NULL,5,3),
 (2525,17,NULL,6,3),
 (2526,18,NULL,2,3),
 (2527,18,NULL,4,3),
 (2528,18,NULL,5,3),
 (2529,18,NULL,6,3),
 (2530,19,NULL,1,3),
 (2531,19,NULL,3,3),
 (2532,19,NULL,6,3),
 (2533,20,NULL,4,3),
 (2534,20,NULL,5,3),
 (2535,20,NULL,6,3),
 (2536,21,NULL,5,3),
 (2537,21,NULL,6,3),
 (2538,22,NULL,4,3),
 (2539,22,NULL,5,3),
 (2540,22,NULL,6,3),
 (2541,23,NULL,5,3),
 (2542,23,NULL,6,3),
 (2543,24,NULL,2,3),
 (2544,24,NULL,4,3),
 (2545,24,NULL,5,3),
 (2546,24,NULL,6,3),
 (2547,25,NULL,5,3),
 (2548,25,NULL,6,3),
 (2549,26,NULL,1,3),
 (2550,26,NULL,5,3),
 (2551,26,NULL,6,3),
 (2552,27,NULL,1,3),
 (2553,27,NULL,3,3),
 (2554,27,NULL,4,3),
 (2555,27,NULL,5,3),
 (2556,27,NULL,6,3),
 (2557,28,NULL,3,3),
 (2558,28,NULL,4,3),
 (2559,28,NULL,5,3),
 (2560,28,NULL,6,3),
 (2561,29,NULL,1,3),
 (2562,29,NULL,3,3),
 (2563,29,NULL,5,3),
 (2564,30,NULL,3,3),
 (2565,30,NULL,4,3),
 (2566,30,NULL,5,3),
 (2567,30,NULL,6,3),
 (2568,31,NULL,1,3),
 (2569,31,NULL,4,3),
 (2570,31,NULL,5,3),
 (2571,31,NULL,6,3),
 (2572,32,NULL,1,3),
 (2573,32,NULL,4,3),
 (2574,32,NULL,5,3),
 (2575,32,NULL,6,3),
 (2576,33,NULL,2,3),
 (2577,33,NULL,6,3),
 (2578,34,NULL,2,3),
 (2579,34,NULL,6,3),
 (2580,35,NULL,3,3),
 (2581,35,NULL,5,3),
 (2582,35,NULL,6,3),
 (2583,36,NULL,2,3),
 (2584,36,NULL,5,3),
 (2585,36,NULL,6,3),
 (2586,37,NULL,1,3),
 (2587,37,NULL,2,3),
 (2588,37,NULL,5,3),
 (2589,37,NULL,6,3),
 (2590,38,NULL,5,3),
 (2591,38,NULL,6,3),
 (2592,39,NULL,2,3),
 (2593,39,NULL,5,3),
 (2594,39,NULL,6,3),
 (2595,40,NULL,1,3),
 (2596,40,NULL,4,3),
 (2597,40,NULL,5,3),
 (2598,40,NULL,6,3),
 (2599,41,NULL,4,3),
 (2600,41,NULL,5,3),
 (2601,41,NULL,6,3),
 (2602,42,NULL,3,3),
 (2603,42,NULL,4,3),
 (2604,42,NULL,5,3),
 (2605,42,NULL,6,3),
 (2606,43,NULL,1,3),
 (2607,43,NULL,5,3),
 (2608,43,NULL,6,3),
 (2609,44,NULL,1,3),
 (2610,44,NULL,2,3),
 (2611,44,NULL,6,3),
 (2612,45,NULL,1,3),
 (2613,45,NULL,2,3),
 (2614,45,NULL,3,3),
 (2615,45,NULL,5,3),
 (2616,45,NULL,6,3),
 (2617,46,NULL,2,3),
 (2618,46,NULL,4,3),
 (2619,46,NULL,5,3),
 (2620,46,NULL,6,3),
 (2621,47,NULL,3,3),
 (2622,47,NULL,4,3),
 (2623,47,NULL,6,3),
 (2624,48,NULL,3,3),
 (2625,48,NULL,5,3),
 (2626,48,NULL,6,3),
 (2627,49,NULL,1,3),
 (2628,49,NULL,3,3),
 (2629,49,NULL,5,3),
 (2630,49,NULL,6,3),
 (2631,50,NULL,2,3),
 (2632,50,NULL,6,3),
 (2633,11,NULL,3,3),
 (2634,11,NULL,4,3),
 (2635,11,NULL,5,3),
 (2636,11,NULL,6,3);
/*!40000 ALTER TABLE `match_registration_days` ENABLE KEYS */;


--
-- Definition of table `player`
--

DROP TABLE IF EXISTS `player`;
CREATE TABLE `player` (
  `id` int(11) NOT NULL AUTO_INCREMENT,
  `login_id` varchar(64) DEFAULT NULL,
  `pwd` varchar(64) DEFAULT NULL,
  `name` varchar(64) DEFAULT NULL,
  `race` varchar(8) DEFAULT NULL,
  `tel` varchar(64) DEFAULT NULL,
  `email` varchar(64) DEFAULT NULL,
  `qq` varchar(32) DEFAULT NULL,
  `wechat` varchar(32) DEFAULT NULL,
  `timestamp` varchar(32) DEFAULT NULL,
  `score_reward` int(11) DEFAULT NULL,
  `remaining_challenge_times` int(11) DEFAULT NULL,
  `status` int(11) DEFAULT NULL,
  PRIMARY KEY (`id`),
  UNIQUE KEY `login_id` (`login_id`)
) ENGINE=InnoDB AUTO_INCREMENT=51 DEFAULT CHARSET=utf8;

--
-- Dumping data for table `player`
--

/*!40000 ALTER TABLE `player` DISABLE KEYS */;
INSERT INTO `player` (`id`,`login_id`,`pwd`,`name`,`race`,`tel`,`email`,`qq`,`wechat`,`timestamp`,`score_reward`,`remaining_challenge_times`,`status`) VALUES 
 (1,'Nada','Nada','李允烈','T',NULL,NULL,NULL,NULL,'2017-12-14 02:56:29',0,0,1),
 (2,'Sea','Sea','廉宝成','P',NULL,NULL,NULL,NULL,'2017-12-14 02:56:30',0,0,1),
 (3,'Savior','Savior','马在允','Z',NULL,NULL,NULL,NULL,'2017-12-14 02:56:30',0,0,1),
 (4,'Shine','Shine','安相元','T',NULL,NULL,NULL,NULL,'2017-12-14 02:56:30',0,0,1),
 (5,'nal_ra','nal_ra','姜珉','P',NULL,NULL,NULL,NULL,'2017-12-14 02:56:30',0,0,1),
 (6,'Bisu','Bisu','金泽龙','Z',NULL,NULL,NULL,NULL,'2017-12-14 02:56:30',0,0,1),
 (7,'July','July','朴圣浚','T',NULL,NULL,NULL,NULL,'2017-12-14 02:56:30',0,0,1),
 (8,'Boxer','Boxer','林耀焕','P',NULL,NULL,NULL,NULL,'2017-12-14 02:56:30',0,0,1),
 (9,'Stork','Stork','宋炳具','Z',NULL,NULL,NULL,NULL,'2017-12-14 02:56:30',0,0,1),
 (10,'zhuzhidao','zhuzhidao','朱指导','T',NULL,NULL,NULL,NULL,'2017-12-14 02:56:30',0,0,1),
 (11,'Xellos','Xellos','徐志勋','P',NULL,NULL,NULL,NULL,'2017-12-14 02:56:30',0,0,1),
 (12,'YellOw','YellOw','洪臻浩','Z',NULL,NULL,NULL,NULL,'2017-12-14 02:56:30',0,0,1),
 (13,'Luxury','Luxury','朴粲守','T',NULL,NULL,NULL,NULL,'2017-12-14 02:56:30',0,0,1),
 (14,'Hwasin','Hwasin','晋永守','P',NULL,NULL,NULL,NULL,'2017-12-14 02:56:30',0,0,1),
 (15,'sanpao','sanpao','炮哥','Z',NULL,NULL,NULL,NULL,'2017-12-14 02:56:30',0,0,1),
 (16,'Flash','Flash','李永浩','T',NULL,NULL,NULL,NULL,'2017-12-14 02:56:30',0,0,1),
 (17,'Jaedong','Jaedong','李济东','P',NULL,NULL,NULL,NULL,'2017-12-14 02:56:30',0,0,1),
 (18,'GGPlay','GGPlay','金俊永','Z',NULL,NULL,NULL,NULL,'2017-12-14 02:56:30',0,0,1),
 (19,'Attack','Attack','许勇石','T',NULL,NULL,NULL,NULL,'2017-12-14 02:56:31',0,0,1),
 (20,'Anytime','Anytime','吴泳钟','P',NULL,NULL,NULL,NULL,'2017-12-14 02:56:31',0,0,1),
 (21,'Calm','Calm','金允焕','Z',NULL,NULL,NULL,NULL,'2017-12-14 02:56:31',0,0,1),
 (22,'free','free','尹龙泰','T',NULL,NULL,NULL,NULL,'2017-12-14 02:56:31',0,0,1),
 (23,'GoRush','GoRush','朴泰民','P',NULL,NULL,NULL,NULL,'2017-12-14 02:56:31',0,0,1),
 (24,'iloveoov','iloveoov','崔然星','Z',NULL,NULL,NULL,NULL,'2017-12-14 02:56:31',0,0,1),
 (25,'Pusan','Pusan','朴志浩','T',NULL,NULL,NULL,NULL,'2017-12-14 02:56:31',0,0,1),
 (26,'Reach','Reach','朴正石','P',NULL,NULL,NULL,NULL,'2017-12-14 02:56:31',0,0,1),
 (27,'Shudder','Shudder','吴中勋','Z',NULL,NULL,NULL,NULL,'2017-12-14 02:56:31',0,0,1),
 (28,'Much','Much','朴永珉','T',NULL,NULL,NULL,NULL,'2017-12-14 02:56:31',0,0,1),
 (29,'UpMagiC','UpMagiC','申熙升','P',NULL,NULL,NULL,NULL,'2017-12-14 02:56:31',0,0,1),
 (30,'Fantasy','Fantasy','郑明勋','Z',NULL,NULL,NULL,NULL,'2017-12-14 02:56:31',0,0,1),
 (31,'TY','TY','全太阳','T',NULL,NULL,NULL,NULL,'2017-12-14 02:56:31',0,0,1),
 (32,'Jangbi','Jangbi','许英茂','P',NULL,NULL,NULL,NULL,'2017-12-14 02:56:31',0,0,1),
 (33,'Hydra','Hydra','申东元','Z',NULL,NULL,NULL,NULL,'2017-12-14 02:56:31',0,0,1),
 (34,'hyvaa','hyvaa','申大根','T',NULL,NULL,NULL,NULL,'2017-12-14 02:56:31',0,0,1),
 (35,'effort','effort','金正宇','P',NULL,NULL,NULL,NULL,'2017-12-14 02:56:31',0,0,1),
 (36,'Light','Light','李在浩','Z',NULL,NULL,NULL,NULL,'2017-12-14 02:56:32',0,0,1),
 (37,'snow','snow','张允哲','T',NULL,NULL,NULL,NULL,'2017-12-14 02:56:32',0,0,1),
 (38,'Kwanro','Kwanro','韩相奉','P',NULL,NULL,NULL,NULL,'2017-12-14 02:56:32',0,0,1),
 (39,'KaL','KaL','金古贤','Z',NULL,NULL,NULL,NULL,'2017-12-14 02:56:32',0,0,1),
 (40,'Modesty','Modesty','金贤宇','T',NULL,NULL,NULL,NULL,'2017-12-14 02:56:32',0,0,1),
 (41,'leta','leta','申相文','P',NULL,NULL,NULL,NULL,'2017-12-14 02:56:32',0,0,1),
 (42,'Pure','Pure','朴世程','Z',NULL,NULL,NULL,NULL,'2017-12-14 02:56:32',0,0,1),
 (43,'Lomo','Lomo','孙书兴','T',NULL,NULL,NULL,NULL,'2017-12-14 02:56:32',0,0,1),
 (44,'SoulKey','SoulKey','金敏哲','P',NULL,NULL,NULL,NULL,'2017-12-14 02:56:32',0,0,1),
 (45,'Midas','Midas','全相昱','Z',NULL,NULL,NULL,NULL,'2017-12-14 02:56:32',0,0,1),
 (46,'Movie','Movie','秦永华','T',NULL,NULL,NULL,NULL,'2017-12-14 02:56:32',0,0,1),
 (47,'Iris','Iris','边衡泰','P',NULL,NULL,NULL,NULL,'2017-12-14 02:56:32',0,0,1),
 (48,'Killer','Killer','朴俊吾','Z',NULL,NULL,NULL,NULL,'2017-12-14 02:56:32',0,0,1),
 (49,'s2','s2','李升石','T',NULL,NULL,NULL,NULL,'2017-12-14 02:56:32',0,0,1),
 (50,'mind','mind','朴成钧','P',NULL,NULL,NULL,NULL,'2017-12-14 02:56:32',0,0,1);
/*!40000 ALTER TABLE `player` ENABLE KEYS */;


--
-- Definition of table `ranking`
--

DROP TABLE IF EXISTS `ranking`;
CREATE TABLE `ranking` (
  `id` int(11) NOT NULL AUTO_INCREMENT,
  `round_id` int(11) DEFAULT NULL,
  `ranking` int(11) DEFAULT NULL,
  `player_id` int(11) DEFAULT NULL,
  `score` int(11) DEFAULT NULL,
  PRIMARY KEY (`id`)
) ENGINE=InnoDB AUTO_INCREMENT=151 DEFAULT CHARSET=utf8;

--
-- Dumping data for table `ranking`
--

/*!40000 ALTER TABLE `ranking` DISABLE KEYS */;
INSERT INTO `ranking` (`id`,`round_id`,`ranking`,`player_id`,`score`) VALUES 
 (101,1,1,1,1050),
 (102,1,2,2,1049),
 (103,1,3,3,1048),
 (104,1,4,4,1047),
 (105,1,5,5,1046),
 (106,1,6,6,1045),
 (107,1,7,7,1044),
 (108,1,8,8,1043),
 (109,1,9,9,1042),
 (110,1,10,10,1041),
 (111,1,11,11,1040),
 (112,1,12,12,1039),
 (113,1,13,13,1038),
 (114,1,14,14,1037),
 (115,1,15,15,1036),
 (116,1,16,16,1035),
 (117,1,17,17,1034),
 (118,1,18,18,1033),
 (119,1,19,19,1032),
 (120,1,20,20,1031),
 (121,1,21,21,1030),
 (122,1,22,22,1029),
 (123,1,23,23,1028),
 (124,1,24,24,1027),
 (125,1,25,25,1026),
 (126,1,26,26,1025),
 (127,1,27,27,1024),
 (128,1,28,28,1023),
 (129,1,29,29,1022),
 (130,1,30,30,1021),
 (131,1,31,31,1020),
 (132,1,32,32,1019),
 (133,1,33,33,1018),
 (134,1,34,34,1017),
 (135,1,35,35,1016),
 (136,1,36,36,1015),
 (137,1,37,37,1014),
 (138,1,38,38,1013),
 (139,1,39,39,1012),
 (140,1,40,40,1011),
 (141,1,41,41,1010),
 (142,1,42,42,1009),
 (143,1,43,43,1008),
 (144,1,44,44,1007),
 (145,1,45,45,1006),
 (146,1,46,46,1005),
 (147,1,47,47,1004),
 (148,1,48,48,1003),
 (149,1,49,49,1002),
 (150,1,50,50,1001);
/*!40000 ALTER TABLE `ranking` ENABLE KEYS */;


--
-- Definition of table `round`
--

DROP TABLE IF EXISTS `round`;
CREATE TABLE `round` (
  `id` int(11) NOT NULL AUTO_INCREMENT,
  `name` varchar(64) DEFAULT NULL,
  `year` varchar(8) DEFAULT NULL,
  `month` varchar(8) DEFAULT NULL,
  `week` varchar(8) DEFAULT NULL,
  `timestamp` varchar(32) DEFAULT NULL,
  `memo` varchar(32) DEFAULT NULL,
  `season_id` int(11) DEFAULT NULL,
  `status` int(11) DEFAULT NULL,
  `last_round_id` int(11) DEFAULT NULL,
  PRIMARY KEY (`id`)
) ENGINE=InnoDB AUTO_INCREMENT=4 DEFAULT CHARSET=utf8;

--
-- Dumping data for table `round`
--

/*!40000 ALTER TABLE `round` DISABLE KEYS */;
INSERT INTO `round` (`id`,`name`,`year`,`month`,`week`,`timestamp`,`memo`,`season_id`,`status`,`last_round_id`) VALUES 
 (1,'初始化1',NULL,NULL,NULL,'2017-12-17 15:26:20','系统初始化生成22',2,9,0),
 (2,'第一轮.archive.1513527173093',NULL,NULL,NULL,'2017-12-18 00:07:59','赛季首轮',2,0,1),
 (3,'第一轮',NULL,NULL,NULL,'2017-12-18 00:13:30','赛季重新开赛',2,1,1);
/*!40000 ALTER TABLE `round` ENABLE KEYS */;


--
-- Definition of table `score`
--

DROP TABLE IF EXISTS `score`;
CREATE TABLE `score` (
  `id` int(11) NOT NULL AUTO_INCREMENT,
  `match_period_id` int(11) DEFAULT NULL,
  `player_id` int(11) DEFAULT NULL,
  `last_score` int(11) DEFAULT NULL,
  `challenger_win` int(11) DEFAULT NULL,
  `challenger_lose` int(11) DEFAULT NULL,
  `adversary_win` int(11) DEFAULT NULL,
  `adversary_lose` int(11) DEFAULT NULL,
  `attendance` int(11) DEFAULT NULL,
  `reward_abandon` int(11) DEFAULT NULL,
  `reward_sponsor` int(11) DEFAULT NULL,
  `reward1` int(11) DEFAULT NULL,
  `reward2` int(11) DEFAULT NULL,
  `reward3` int(11) DEFAULT NULL,
  `score` int(11) DEFAULT NULL,
  `memo` longtext,
  `round_id` int(11) DEFAULT NULL,
  PRIMARY KEY (`id`)
) ENGINE=InnoDB AUTO_INCREMENT=5 DEFAULT CHARSET=utf8;

--
-- Dumping data for table `score`
--

/*!40000 ALTER TABLE `score` DISABLE KEYS */;
INSERT INTO `score` (`id`,`match_period_id`,`player_id`,`last_score`,`challenger_win`,`challenger_lose`,`adversary_win`,`adversary_lose`,`attendance`,`reward_abandon`,`reward_sponsor`,`reward1`,`reward2`,`reward3`,`score`,`memo`,`round_id`) VALUES 
 (1,3,8,0,0,0,0,0,0,0,50,0,0,0,0,NULL,NULL),
 (2,3,9,0,0,0,0,0,0,0,-50,0,0,0,0,NULL,NULL),
 (3,3,15,0,0,0,0,0,0,0,0,0,0,0,0,NULL,NULL),
 (4,NULL,11,0,0,0,0,0,0,0,-50,0,0,0,0,NULL,3);
/*!40000 ALTER TABLE `score` ENABLE KEYS */;


--
-- Definition of table `season`
--

DROP TABLE IF EXISTS `season`;
CREATE TABLE `season` (
  `id` int(11) NOT NULL AUTO_INCREMENT,
  `name` varchar(64) DEFAULT NULL,
  `timestamp` varchar(32) DEFAULT NULL,
  `memo` longtext,
  `status` int(11) DEFAULT NULL,
  PRIMARY KEY (`id`)
) ENGINE=InnoDB AUTO_INCREMENT=6 DEFAULT CHARSET=utf8;

--
-- Dumping data for table `season`
--

/*!40000 ALTER TABLE `season` DISABLE KEYS */;
INSERT INTO `season` (`id`,`name`,`timestamp`,`memo`,`status`) VALUES 
 (1,'第一季.archive.1513451807645','2017-12-17 03:14:04','感谢朱指导\n感谢炮哥',0),
 (2,'2017第一赛季','2017-12-17 14:35:55','感谢大家支持\n系统马上要上线了',1),
 (3,'第三季.archive.1513493157446','2017-12-17 14:45:48','',0),
 (4,'第二季','2017-12-17 15:26:20','自卫队ssssaa',1),
 (5,'.archive.1513495590704','2017-12-17 15:26:20','',0);
/*!40000 ALTER TABLE `season` ENABLE KEYS */;


--
-- Definition of table `test_c3p0`
--

DROP TABLE IF EXISTS `test_c3p0`;
CREATE TABLE `test_c3p0` (
  `a` char(1) DEFAULT NULL
) ENGINE=InnoDB DEFAULT CHARSET=utf8;

--
-- Dumping data for table `test_c3p0`
--

/*!40000 ALTER TABLE `test_c3p0` DISABLE KEYS */;
/*!40000 ALTER TABLE `test_c3p0` ENABLE KEYS */;




/*!40101 SET SQL_MODE=@OLD_SQL_MODE */;
/*!40014 SET FOREIGN_KEY_CHECKS=@OLD_FOREIGN_KEY_CHECKS */;
/*!40014 SET UNIQUE_CHECKS=@OLD_UNIQUE_CHECKS */;
/*!40101 SET CHARACTER_SET_CLIENT=@OLD_CHARACTER_SET_CLIENT */;
/*!40101 SET CHARACTER_SET_RESULTS=@OLD_CHARACTER_SET_RESULTS */;
/*!40101 SET COLLATION_CONNECTION=@OLD_COLLATION_CONNECTION */;
/*!40101 SET CHARACTER_SET_CLIENT=@OLD_CHARACTER_SET_CLIENT */;
